{"cameraMode":{"drawMode":0,"name":"Shaded","section":"Shading Mode"},"sceneLighting":true,"audioPlay":false,"sceneViewState":{"showFog":true,"showMaterialUpdate":false,"showSkybox":true,"showFlares":true,"showImageEffects":true,"showParticleSystems":true},"in2DMode":false,"pivot":{"x":-0.8748319149017334,"y":0.7661340236663818,"z":0.15083904564380647},"rotation":{"x":-0.06484523415565491,"y":-0.8998904824256897,"z":0.4067324101924896,"w":-0.1434612274169922},"size":6.324746131896973,"orthographic":false}